"Rk","Team","Conf","W-L","AdjEM","AdjO","AdjD","AdjT","Luck","AdjEM_SOS","OppO","OppD","AdjEM_NCSOS","Year"
"1","Villanova","BE","36-4",33.76,127.8,94,68.7,-0.018,11.31,111.3,100,3.98,2018
"2","Virginia","ACC","31-3",29.53,115.2,85.6,59.4,0.048,9.24,110,100.7,-0.08,2018
"3","Duke","ACC","29-8",28.86,122.4,93.6,69.7,-0.034,10.6,110.4,99.8,4.09,2018
"4","Cincinnati","Amer","31-5",26.6,113.4,86.8,64.5,-0.019,3.46,106.9,103.4,-4.21,2018
"5","Purdue","B10","30-7",26.27,122.7,96.4,67.2,0.006,9.02,109.1,100.1,0.69,2018
"6","Michigan St.","B10","30-5",25.41,119.2,93.8,67,0.038,6.64,108.6,101.9,-5.03,2018
"7","Michigan","B10","33-8",24.2,114.7,90.5,64.9,0.052,10.32,111.4,101.1,-4.83,2018
"8","North Carolina","ACC","26-11",23.59,120.3,96.7,71.2,-0.011,13.26,111.6,98.3,7.58,2018
"9","Kansas","B12","31-8",23.49,120.9,97.4,68.8,0.076,12.41,111.7,99.3,3.55,2018
"10","Gonzaga","WCC","32-5",23.03,118.1,95.1,69.4,0.009,1.57,106.4,104.8,3.12,2018
"11","Texas Tech","B12","27-10",22.59,113.3,90.8,66.7,-0.007,10.31,110.7,100.4,-5.24,2018
"12","West Virginia","B12","26-11",22.44,119.4,96.9,69.2,-0.014,10.59,109.9,99.3,-4.72,2018
"13","Tennessee","SEC","26-9",22.27,114.6,92.4,66,0.019,11.01,111.2,100.2,7.1,2018
"14","Clemson","ACC","25-10",21.65,114.2,92.6,66.1,-0.009,10.22,110.6,100.4,-1.91,2018
"15","Xavier","BE","29-6",21.51,120.1,98.6,70.5,0.091,9.35,109.9,100.6,1.84,2018
"16","Ohio St.","B10","25-9",21.16,116,94.9,67,0.02,8.75,109.8,101.1,0.26,2018
"17","Kentucky","SEC","26-11",20.44,115.8,95.4,68.8,-0.008,10.91,110.8,99.8,4.67,2018
"18","Houston","Amer","27-8",20.24,114.6,94.4,68.4,-0.015,3.9,106.6,102.7,-3.08,2018
"19","Penn St.","B10","26-13",19.18,114.3,95.1,67.3,-0.05,7.6,109.7,102.1,-6.36,2018
"20","Butler","BE","21-14",19.05,116.2,97.2,67.6,-0.047,11.21,112,100.8,0.11,2018
"21","Wichita St.","Amer","25-8",19.03,121,101.9,68.6,-0.026,5.13,107.3,102.2,1.55,2018
"22","Florida","SEC","21-13",18.96,114.5,95.5,67.1,-0.059,10.74,110.2,99.5,4.57,2018
"23","Auburn","SEC","26-8",18.69,115.4,96.7,72.6,0.034,7.52,108.8,101.3,-1.86,2018
"24","TCU","B12","21-12",18.47,119.7,101.2,68.6,-0.067,9.67,110.7,101,-0.82,2018
"25","Nevada","MWC","29-8",18.39,120.2,101.8,69.4,-0.026,5.13,107,101.8,3.61,2018
"26","Seton Hall","BE","22-12",18.04,116.9,98.8,69.5,-0.028,10.12,110.5,100.4,0,2018
"27","Florida St.","ACC","23-12",17.77,114.3,96.5,71.2,-0.029,9.27,109.6,100.3,-6.91,2018
"28","Arizona","P12","27-8",17.7,118,100.4,67.1,0.036,5.96,108.5,102.5,2.51,2018
"29","Texas A&M","SEC","22-13",16.96,111.3,94.4,69.5,0.014,11.69,111.8,100.1,5.12,2018
"30","Creighton","BE","21-12",16.91,115.5,98.6,70.8,-0.028,9.4,110.8,101.4,-4.2,2018
"31","Loyola Chicago","MVC","32-6",16.39,111.4,95,65.5,0.077,2.48,104.8,102.3,-5.47,2018
"32","Saint Mary's","WCC","30-6",16.13,119.4,103.2,63.5,0.006,-2.12,103.8,105.9,-4.28,2018
"33","Virginia Tech","ACC","21-12",16.03,115.3,99.3,68.7,-0.018,7.91,109.2,101.3,-9.76,2018
"34","Baylor","B12","19-15",16.02,111.5,95.5,66.7,-0.079,10.02,110.9,100.9,-3.78,2018
"35","Notre Dame","ACC","21-15",15.79,114.9,99.1,65.4,-0.058,8.65,109.8,101.2,-1.7,2018
"36","Texas","B12","19-15",15.43,109.5,94.1,65.2,-0.03,11.77,111.4,99.6,2.05,2018
"37","Miami FL","ACC","22-10",15.43,112.9,97.4,67,0.017,8.08,109.1,101,-3.82,2018
"38","Louisville","ACC","22-14",15.41,112.2,96.8,69.7,-0.005,8.9,109.6,100.7,-2.5,2018
"39","Maryland","B10","19-13",15.03,114.1,99.1,66.3,-0.046,8.18,108.8,100.6,-4.21,2018
"40","Missouri","SEC","20-13",14.83,111.9,97,65.7,-0.025,9.55,109.8,100.2,1.07,2018
"41","Syracuse","ACC","23-14",14.82,107,92.2,62.9,0.021,9.81,111.3,101.5,-0.2,2018
"42","Kansas St.","B12","25-12",14.77,110.1,95.3,65.6,0.071,9.39,111,101.6,-6.5,2018
"43","Davidson","A10","21-12",14.7,117,102.3,64.5,-0.063,2.11,105.6,103.5,1.33,2018
"44","Arkansas","SEC","23-12",14.69,116.3,101.7,69.7,0.059,9.9,110.5,100.6,0.87,2018
"45","Middle Tennessee","CUSA","25-8",14.68,111.3,96.6,66.5,0.008,3.58,107.5,103.9,7.65,2018
"46","North Carolina St.","ACC","21-12",14.52,116.3,101.8,71.4,-0.001,7.71,108.6,100.9,-9.71,2018
"47","Western Kentucky","CUSA","27-11",14.45,114.5,100.1,68.8,-0.003,3.72,106.9,103.2,3.81,2018
"48","Oklahoma","B12","18-14",14.16,114.6,100.5,75.5,-0.008,11.68,111.3,99.6,2.13,2018
"49","Arizona St.","P12","20-12",14.13,116.7,102.6,71.3,-0.083,5.48,107.4,101.9,0.94,2018
"50","San Diego St.","MWC","22-11",14.09,110.5,96.4,68.8,-0.032,3.46,107.2,103.8,-0.8,2018
"51","USC","P12","24-12",14.06,114.5,100.5,67.7,-0.017,5.12,108.2,103.1,1.37,2018
"52","Rhode Island","A10","26-8",13.93,111.1,97.2,68.4,0.063,3.49,107.6,104.1,3.83,2018
"53","Marquette","BE","21-14",13.68,119.2,105.6,69.5,0.02,9.99,110.9,100.9,-0.66,2018
"54","Mississippi St.","SEC","25-12",13.61,110.5,96.9,67.3,0.042,7.03,108.5,101.5,-10.55,2018
"55","Nebraska","B10","22-11",13.54,110.6,97.1,67.4,0.055,7.14,108.4,101.3,-3.1,2018
"56","UCLA","P12","21-12",13.52,115,101.4,70.3,-0.027,6.42,108.1,101.7,2.93,2018
"57","Alabama","SEC","20-16",13.41,108.7,95.2,68.7,0.017,11.17,110.9,99.7,2.54,2018
"58","Utah","P12","23-12",12.99,111.8,98.9,65.6,0.031,6.31,109.1,102.7,-1.28,2018
"59","Oklahoma St.","B12","21-15",12.93,111.6,98.6,68.9,-0.001,9.22,110.6,101.4,-5.35,2018
"60","New Mexico St.","WAC","28-6",12.92,107.9,95,68.5,0.027,-1.4,104,105.4,3.7,2018
"61","Boise St.","MWC","23-9",12.9,109.9,97,68.8,-0.006,2.23,106.6,104.3,-1.95,2018
"62","Murray St.","OVC","26-6",12.19,112.9,100.7,67.2,0,-3.56,102.9,106.4,-0.99,2018
"63","Providence","BE","21-14",12.17,108.9,96.7,67.1,0.074,10.58,111.6,101.1,-1.38,2018
"64","Old Dominion","CUSA","25-7",12.14,108.8,96.6,64.5,0.041,-1.27,104.4,105.6,-3.43,2018
"65","Georgia","SEC","18-15",11.64,107.5,95.9,64.4,0.01,10.09,111,100.9,0.51,2018
"66","LSU","SEC","18-15",11.62,114.8,103.2,68.7,-0.018,8.59,110,101.4,-2.91,2018
"67","Buffalo","MAC","27-9",11.53,114.7,103.2,72.7,0.006,-0.06,105.1,105.2,3.87,2018
"68","St. Bonaventure","A10","26-8",11.21,110.8,99.5,69.4,0.078,2.8,107,104.2,1.17,2018
"69","Louisiana Lafayette","SB","27-7",11.14,112.7,101.5,70.6,0.033,-2.59,103.5,106.1,-0.58,2018
"70","Wisconsin","B10","15-18",10.68,109.7,99.1,62.7,-0.068,9.89,110.9,101,0.06,2018
"71","Indiana","B10","16-15",10.44,109.4,99,66.6,-0.025,7.83,109.7,101.8,-2.76,2018
"72","Montana","BSky","26-8",10.4,108.8,98.4,68,0,-1.96,104,106,2.09,2018
"73","BYU","WCC","24-11",10.32,108.3,98,67.9,0.006,0.54,106.4,105.9,-2.08,2018
"74","St. John's","BE","16-17",10.31,106.5,96.2,69.4,-0.016,11.11,111.5,100.4,3.05,2018
"75","Oregon","P12","23-13",10.24,111.1,100.9,67.3,0.004,3.5,107.9,104.4,-6.15,2018
"76","Vermont","AE","27-8",10.22,113.8,103.5,64.1,-0.009,-2.97,102.5,105.4,4.54,2018
"77","Boston College","ACC","19-16",10.21,113.1,102.9,70.2,0.004,8.49,109.1,100.6,-7.11,2018
"78","South Dakota St.","Sum","28-7",10.2,113.8,103.6,70.5,0.097,-0.09,105.8,105.9,3.59,2018
"79","Fresno St.","MWC","21-11",10.07,109.7,99.6,66.6,-0.057,0.84,105.8,105,-6.31,2018
"80","South Carolina","SEC","17-16",9.91,105.6,95.7,68.7,0.003,9.63,109.9,100.3,0.89,2018
"81","South Dakota","Sum","26-9",9.85,109,99.2,70.9,-0.048,-2.97,104.7,107.6,-1.65,2018
"82","UNC Greensboro","SC","27-8",9.22,104.9,95.7,65.2,-0.024,-4.57,103.7,108.2,-3.46,2018
"83","Belmont","OVC","24-9",9.15,112.7,103.5,66.9,-0.004,-3.22,103.1,106.4,1.45,2018
"84","SMU","Amer","17-16",8.61,109.5,100.9,64.3,-0.102,2.41,105.4,103,-3.88,2018
"85","Northwestern","B10","15-17",8.57,109.2,100.6,63.9,-0.068,8.85,109,100.2,-1.9,2018
"86","Temple","Amer","17-16",8.38,108.3,100,67.6,0.028,8.53,108.9,100.3,9.11,2018
"87","Stanford","P12","19-16",8.37,107.7,99.3,70.9,0.016,6.29,109.1,102.8,3.46,2018
"88","Iowa","B10","14-19",8.14,116.6,108.4,70.3,-0.09,8.23,109.2,101,-4.11,2018
"89","Wake Forest","ACC","11-20",7.94,110.9,103,69.5,-0.12,9.05,109.2,100.2,-1.4,2018
"90","Northern Kentucky","Horz","22-10",7.93,107.5,99.6,68.6,-0.073,-4.04,102.6,106.6,1.95,2018
"91","Vanderbilt","SEC","12-20",7.93,115.3,107.3,65.8,-0.08,11.07,110.8,99.7,4.28,2018
"92","Utah Valley","WAC","23-11",7.78,110.8,103,68.1,-0.006,-1.94,102.4,104.4,1.28,2018
"93","East Tennessee St.","SC","25-9",7.49,105.3,97.8,67.6,0,-4.19,103.6,107.7,-1.54,2018
"94","Georgetown","BE","15-15",7.44,109.7,102.3,70.5,-0.046,6.28,108.4,102.1,-17.81,2018
"95","Furman","SC","23-10",7.41,108.9,101.5,68.6,-0.005,-4.53,103.1,107.6,-0.73,2018
"96","Northeastern","CAA","23-10",7.34,107.8,100.5,67,0.03,-1.27,106.1,107.4,4.09,2018
"97","Bucknell","Pat","25-10",7.31,109.5,102.2,71.4,0.006,-4.35,102.8,107.1,5.79,2018
"98","Washington","P12","21-13",7.09,106.6,99.5,69.8,0.075,4.75,108.3,103.5,-0.46,2018
"99","DePaul","BE","11-20",7.03,104.5,97.5,69.8,-0.103,9.79,111.2,101.5,-4.14,2018
"100","Oregon St.","P12","16-16",6.99,108.2,101.3,65.5,-0.083,3.02,107.3,104.3,-7.34,2018
"101","Georgia St.","SB","24-11",6.92,108.8,101.9,66.8,-0.015,-2.51,103.4,105.9,-3.22,2018
"102","Illinois","B10","14-18",6.67,109.6,103,69.9,-0.093,7.32,108.1,100.8,-3.19,2018
"103","Iowa St.","B12","13-18",6.58,109.9,103.4,68.9,-0.009,10.71,110.5,99.7,-3.06,2018
"104","Northern Colorado","BSky","26-12",6.55,107.3,100.8,72.2,-0.023,-1.73,104.4,106.1,1.38,2018
"105","Marshall","CUSA","25-11",6.53,109.4,102.9,74.7,0.06,0.07,105.6,105.5,-7,2018
"106","New Mexico","MWC","19-15",6.52,113.3,106.8,71.3,-0.022,2.7,105.9,103.2,1.41,2018
"107","UNLV","MWC","20-13",6.44,111.4,104.9,72.3,-0.012,0.86,106,105.1,-5.02,2018
"108","Mississippi","SEC","12-20",6.42,111.1,104.7,70,-0.053,9.62,109.7,100,0.9,2018
"109","UAB","CUSA","20-13",6.32,109.6,103.3,67.7,-0.047,-0.93,104.5,105.4,-6.96,2018
"110","Tulsa","Amer","19-12",6.02,108.3,102.3,67.3,0.029,0.68,105.5,104.8,-2.04,2018
"111","UCF","Amer","19-13",5.62,98.9,93.2,64.5,0.062,2.52,106.5,104,-2.5,2018
"112","Stephen F. Austin","Slnd","28-7",5.58,104.5,99,71.1,0.031,-7.16,100.6,107.8,-2.26,2018
"113","Toledo","MAC","23-11",5.31,113.9,108.6,68.4,0.049,-1.94,103.9,105.8,-1.81,2018
"114","Colorado","P12","17-15",5.27,104.9,99.6,67.8,0.068,6.26,110.1,103.8,-0.09,2018
"115","College of Charleston","CAA","26-8",5.16,108.7,103.6,64.9,0.035,-4.06,104.8,108.9,-7.64,2018
"116","Saint Joseph's","A10","16-16",5.15,105.6,100.5,70.5,-0.052,0.77,105.3,104.6,2.17,2018
"117","Minnesota","B10","15-17",5.08,108.7,103.7,69.8,-0.02,6.85,108.8,101.9,-5.09,2018
"118","Wyoming","MWC","20-13",4.99,105.6,100.6,73.5,0.068,3.44,107.2,103.8,2.31,2018
"119","Georgia Tech","ACC","13-19",4.9,103.6,98.7,66.1,-0.022,8.11,108.8,100.6,-5.51,2018
"120","Missouri St.","MVC","18-15",4.81,108.3,103.5,65.5,-0.046,1.05,103.9,102.9,-3.02,2018
"121","Grand Canyon","WAC","22-12",4.53,102.1,97.5,69,-0.066,-6.92,100,106.9,-11.37,2018
"122","Northern Iowa","MVC","16-16",4.51,103.2,98.7,62.7,-0.032,4.58,106.8,102.2,6.04,2018
"123","UC Santa Barbara","BW","23-9",4.27,111.4,107.1,66.7,0.034,-3.86,101.8,105.7,-0.86,2018
"124","Bradley","MVC","20-13",3.98,104.4,100.4,65.8,0.042,1.07,104.7,103.6,-4.52,2018
"125","Penn","Ivy","24-9",3.69,103.1,99.4,68.9,0.076,-4.15,103.7,107.8,-2.98,2018
"126","Idaho","BSky","22-9",3.54,109.2,105.6,65.6,0.039,-3.98,103.1,107.1,-3.07,2018
"127","Florida Gulf Coast","ASun","23-12",3.47,107.5,104,71.6,-0.059,-6.95,102.4,109.3,-0.65,2018
"128","UT Arlington","SB","21-13",3.37,105.5,102.1,72.8,0.009,-1.37,104.2,105.5,-1.2,2018
"129","UC Davis","BW","22-11",3.25,104.1,100.9,66.5,0.041,-1.05,103.7,104.8,4.12,2018
"130","Rutgers","B10","15-19",3.07,99.2,96.2,66,-0.043,5.58,108.2,102.6,-14.27,2018
"131","Canisius","MAAC","21-12",3.05,107.2,104.1,68.9,-0.034,-4.82,102.4,107.2,-2.89,2018
"132","San Diego","WCC","20-14",3.01,103.6,100.6,66.9,-0.014,-0.77,104.5,105.2,-2.63,2018
"133","Wright St.","Horz","25-10",2.89,100.6,97.7,68.3,0.074,-3.79,102.7,106.5,2.23,2018
"134","Evansville","MVC","17-15",2.85,99.3,96.5,65.7,0.015,1.38,105.4,104,-3.48,2018
"135","Southern Illinois","MVC","20-13",2.82,106.1,103.3,66.6,0.073,1.27,104.5,103.3,-4.09,2018
"136","Eastern Washington","BSky","20-15",2.67,107.3,104.6,66.5,-0.004,0.11,105.4,105.2,6.2,2018
"137","Iona","MAAC","20-14",2.63,110,107.3,70.7,-0.008,-2.12,103.1,105.2,2.14,2018
"138","Indiana St.","MVC","13-18",2.63,104.7,102.1,69.9,-0.097,3.13,105.1,102,2.05,2018
"139","Utah St.","MWC","17-17",2.57,107.2,104.7,66.8,-0.014,2.74,106.7,103.9,-0.95,2018
"140","Illinois St.","MVC","18-15",2.39,105.7,103.3,68.9,0.116,4.95,106.1,101.2,6.6,2018
"141","Harvard","Ivy","18-14",2.33,100.6,98.3,65.6,-0.008,-0.97,105.4,106.4,3.27,2018
"142","Jacksonville St.","OVC","23-13",2.32,102.3,100,66.2,-0.005,-4.47,103.6,108.1,-9.38,2018
"143","Eastern Michigan","MAC","22-13",2.31,102.3,100,65.1,-0.006,-2.49,105.4,107.9,-2.23,2018
"144","VCU","A10","18-15",2.28,106.1,103.8,70.9,0.015,0.51,105.3,104.8,1.16,2018
"145","Rider","MAAC","22-10",2.28,109.2,106.9,73.8,0.088,-2.78,103.1,105.9,0.32,2018
"146","North Texas","CUSA","20-18",2.2,105.6,103.4,67.8,-0.048,-0.69,103.5,104.1,-0.5,2018
"147","UC Irvine","BW","18-17",2.11,100.1,98,67,-0.025,1.08,105.6,104.5,8.99,2018
"148","Saint Louis","A10","17-16",2.1,102.1,100,64.1,0.003,1.23,106.8,105.6,1,2018
"149","Louisiana Tech","CUSA","17-16",2.01,106.9,104.9,67.3,-0.067,-0.37,104.1,104.5,-3.36,2018
"150","Valparaiso","MVC","15-17",1.78,103,101.2,69.7,-0.053,1.62,105,103.4,-2.72,2018
"151","Albany","AE","22-10",1.71,107.1,105.4,66.2,0.007,-6.49,101.4,107.9,-5.2,2018
"152","Georgia Southern","SB","21-12",1.65,105.9,104.3,68.9,0.015,-2.52,102.9,105.4,-1.55,2018
"153","Towson","CAA","18-14",1.29,106,104.7,67.9,-0.07,-2.8,104.8,107.6,-2.22,2018
"154","Mercer","SC","19-15",1.27,111.7,110.5,64.3,-0.047,-2.86,102.9,105.8,-0.19,2018
"155","Drake","MVC","17-17",1.09,105.9,104.8,68.4,0.016,2.22,105.4,103.2,-0.38,2018
"156","La Salle","A10","13-19",1.06,104.9,103.8,68.9,-0.072,1.15,105.5,104.4,2.22,2018
"157","Hofstra","CAA","19-12",0.99,111.1,110.1,68.9,0.062,-1.8,105.4,107.2,1.99,2018
"158","San Francisco","WCC","22-17",0.97,102.1,101.1,67.1,0.066,0.06,106.5,106.4,-0.33,2018
"159","Weber St.","BSky","20-11",0.88,106.7,105.8,67.5,0.037,-2.94,103.9,106.8,-0.23,2018
"160","Winthrop","BSth","19-12",0.85,106.1,105.2,71.6,-0.037,-5.51,101.6,107.1,2.13,2018
"161","Memphis","Amer","21-13",0.78,107.5,106.7,66.6,0.135,0.42,104.7,104.2,-6.39,2018
"162","Cal St. Fullerton","BW","20-12",0.62,103.7,103.1,69.6,0.097,-1.2,103.8,105,2.76,2018
"163","Wofford","SC","21-13",0.59,109.1,108.5,66.1,0.043,-2.59,103.7,106.3,2.05,2018
"164","Portland St.","BSky","20-14",0.56,107.9,107.3,74.6,0.022,-0.82,104.9,105.7,3.3,2018
"165","Fort Wayne","Sum","18-15",0.5,107.7,107.2,72.6,-0.072,-2.49,104.4,106.9,-2.21,2018
"166","UMBC","AE","25-11",0.5,103.1,102.6,68.4,0.125,-4.38,102.7,107.1,-3.55,2018
"167","Lipscomb","ASun","23-10",0.43,103.2,102.8,74.9,0.112,-4.31,103.2,107.5,5.84,2018
"168","Central Michigan","MAC","21-15",0.13,110.1,109.9,67.6,-0.022,-3.15,103.4,106.5,-9.32,2018
"169","William & Mary","CAA","19-12",0.09,115.3,115.2,70,0.098,-0.75,105.5,106.3,3.56,2018
"170","Radford","BSth","23-13",0.07,102.9,102.9,63,0.063,-4.03,102.8,106.9,3.49,2018
"171","Tulane","Amer","14-17",0.04,106.9,106.9,69,-0.018,0.76,104.6,103.9,-6.27,2018
"172","Dayton","A10","14-17",0.02,108.4,108.3,66.3,-0.004,1.36,105.6,104.2,1.38,2018
"173","Ball St.","MAC","19-13",-0.08,103.3,103.3,69.9,0.06,-2.07,104.7,106.7,-1.46,2018
"174","UTSA","CUSA","20-15",-0.09,104.7,104.7,71.8,0.038,-1.04,103.9,104.9,1.32,2018
"175","Oakland","Horz","19-14",-0.23,107.4,107.7,70.3,0.011,-4.41,102.5,106.9,1.24,2018
"176","North Dakota St.","Sum","15-17",-0.37,105,105.4,66.5,-0.078,-0.09,106.3,106.4,1.58,2018
"177","Troy","SB","16-17",-0.37,106.2,106.5,68.3,-0.065,-1.18,103.7,104.8,0.04,2018
"178","Pacific","WCC","14-18",-0.43,106.6,107,66.3,-0.016,1.28,105.8,104.6,1.84,2018
"179","Connecticut","Amer","14-18",-0.43,105,105.4,67,0.075,5.89,107.7,101.8,4.87,2018
"180","Wagner","NEC","23-10",-0.6,103,103.6,67.6,0.07,-8.35,101.2,109.5,-0.09,2018
"181","Richmond","A10","12-20",-0.78,107.4,108.1,67.9,-0.022,2.75,106.6,103.8,5.44,2018
"182","Illinois Chicago","Horz","20-16",-0.84,100.9,101.8,72.5,-0.01,-4.11,102.7,106.8,-1.48,2018
"183","Monmouth","MAAC","11-20",-1.21,103.5,104.7,70,-0.112,-0.86,104.8,105.7,5.06,2018
"184","Liberty","BSth","22-15",-1.22,103.9,105.2,63.1,-0.052,-6.7,101.7,108.4,-5.44,2018
"185","Nicholls St.","Slnd","21-11",-1.56,103.3,104.9,73.5,0.037,-5.69,101.9,107.6,4.11,2018
"186","Washington St.","P12","12-19",-1.66,108.4,110,68.2,0.004,4.41,107.2,102.8,-1.75,2018
"187","UNC Asheville","BSth","21-13",-1.91,105.7,107.6,69.4,0.095,-3.36,103.3,106.7,5.59,2018
"188","Western Michigan","MAC","17-15",-2.02,106.2,108.2,67.8,0.01,-1.97,104.4,106.4,-2.51,2018
"189","Austin Peay","OVC","19-15",-2.09,105,107,69.2,0.052,-2.74,103.1,105.8,4.27,2018
"190","Princeton","Ivy","13-16",-2.44,105.3,107.8,64.5,-0.055,-2.02,104.2,106.2,1.98,2018
"191","Long Beach St.","BW","15-18",-2.62,106.1,108.7,71.8,0.027,1.11,104.7,103.5,8.21,2018
"192","George Washington","A10","15-18",-2.66,103.6,106.2,65.8,0.036,0.31,105.3,105,0.16,2018
"193","Ohio","MAC","14-17",-2.74,100.4,103.1,71.3,-0.047,-1.48,104.9,106.4,-1.72,2018
"194","Miami OH","MAC","16-18",-2.82,100.2,103,66.7,0.022,-0.68,104.8,105.5,1.72,2018
"195","Seattle","WAC","20-14",-2.95,103.7,106.7,67.4,0.038,-4.43,101.9,106.4,-5.24,2018
"196","Milwaukee","Horz","16-17",-3.11,100.3,103.4,65.7,-0.023,-4.43,102.3,106.7,-2.02,2018
"197","Yale","Ivy","16-15",-3.18,103.8,107,68.8,0.042,-1.86,104.8,106.7,1.49,2018
"198","Tennessee St.","OVC","15-15",-3.27,97.5,100.8,65.6,0.016,-2.98,103.5,106.5,4.02,2018
"199","Southeastern Louisiana","Slnd","22-12",-3.31,102.6,105.9,65.7,0.118,-5.11,101.6,106.7,1.12,2018
"200","Hawaii","BW","17-13",-3.38,99.1,102.5,67.9,0.034,-4,102.9,106.9,-3.64,2018
"201","Duquesne","A10","16-16",-3.63,104.6,108.2,66.2,-0.059,-6.22,101.2,107.4,-16.97,2018
"202","Colgate","Pat","19-14",-3.72,105,108.7,66.6,0.03,-6.25,101.7,108,-2.44,2018
"203","Lamar","Slnd","19-14",-3.72,101.6,105.3,67.8,-0.059,-6.97,100.5,107.5,-1.75,2018
"204","Sam Houston St.","Slnd","21-15",-3.77,102.1,105.9,67.2,0.04,-4.27,102.3,106.6,4.15,2018
"205","Niagara","MAAC","19-14",-3.99,109.5,113.5,73.7,0.09,-4.08,102.6,106.7,-3.49,2018
"206","Southern Miss","CUSA","16-18",-4.04,105.8,109.9,65.4,0.037,2.4,105.3,102.9,4.36,2018
"207","Massachusetts","A10","13-20",-4.09,106.4,110.5,66.4,-0.013,-0.54,104.3,104.8,-3.17,2018
"208","Appalachian St.","SB","15-18",-4.11,103.4,107.5,70.1,-0.026,-2.58,103,105.6,-0.19,2018
"209","Coastal Carolina","SB","14-18",-4.19,101.8,105.9,67.8,-0.052,-2.25,103.5,105.8,0.76,2018
"210","Denver","Sum","15-15",-4.23,102.6,106.8,66.4,0.026,-2.09,104.6,106.6,-3.34,2018
"211","Kent St.","MAC","17-17",-4.34,102.1,106.4,68.7,0.066,-1.69,104.3,106,-1.86,2018
"212","Fairfield","MAAC","17-16",-4.37,102.1,106.4,70.5,0.051,-4.52,103,107.5,-0.9,2018
"213","Central Arkansas","Slnd","18-17",-4.41,105.4,109.8,72.7,0.001,-5.45,100.7,106.1,-2.23,2018
"214","St. Francis PA","NEC","18-13",-4.86,106.4,111.2,68.2,0.039,-7.41,101.3,108.7,2.45,2018
"215","Hartford","AE","19-14",-4.89,102.9,107.8,66.5,0.065,-6.02,101.2,107.2,-6.72,2018
"216","Manhattan","MAAC","14-17",-4.95,99.3,104.2,65.8,-0.007,-4.26,103.5,107.7,-3.79,2018
"217","Saint Peter's","MAAC","14-18",-5,95.5,100.5,62.6,-0.037,-4.4,103.9,108.3,-5.37,2018
"218","Campbell","BSth","18-16",-5.01,105.8,110.8,68,-0.057,-7.3,100.6,107.9,-8.04,2018
"219","Tennessee Tech","OVC","19-14",-5.06,98.5,103.5,70.9,0.118,-2.81,104.1,106.9,-0.53,2018
"220","George Mason","A10","16-17",-5.17,102.1,107.3,69.1,0.117,-0.68,105.2,105.9,-3.59,2018
"221","South Alabama","SB","14-18",-5.32,96.9,102.2,70.4,-0.033,-2.98,103,105.9,-6.15,2018
"222","FIU","CUSA","14-18",-5.33,98.4,103.7,69,-0.039,-3.16,103,106.1,-6.95,2018
"223","Stony Brook","AE","13-19",-5.33,96.8,102.1,68.4,0.009,-2.17,104.2,106.4,1.11,2018
"224","Colorado St.","MWC","11-21",-5.66,102.6,108.3,69.6,0.037,3.92,107.1,103.2,1.14,2018
"225","Navy","Pat","20-12",-5.67,98.7,104.3,65.4,0.095,-8.2,100.8,109,-6.56,2018
"226","Idaho St.","BSky","14-16",-5.7,103.2,108.9,68.1,-0.005,-3.69,103.8,107.5,-2.39,2018
"227","Pittsburgh","ACC","8-24",-5.76,98.9,104.7,65.2,0.007,9.14,110,100.8,-3.57,2018
"228","Texas St.","SB","15-18",-5.79,99.8,105.6,62.7,0.003,-2.99,103.1,106.1,-6.83,2018
"229","James Madison","CAA","10-22",-5.97,101.4,107.4,67.9,-0.025,-2.06,105.6,107.6,-0.83,2018
"230","Louisiana Monroe","SB","16-16",-6,100.5,106.5,66.1,0.042,-2.83,102.7,105.6,-3.19,2018
"231","Columbia","Ivy","8-19",-6.01,107.3,113.3,70,-0.146,-3.5,102.7,106.2,-1.21,2018
"232","Bowling Green","MAC","16-16",-6.04,102,108.1,70,0.066,-2.61,103.8,106.5,-4.63,2018
"233","Florida Atlantic","CUSA","12-19",-6.1,95.9,102,69.2,-0.025,-0.28,104.8,105.1,-0.38,2018
"234","Loyola Marymount","WCC","11-20",-6.17,107.2,113.4,66.9,0.012,0.5,105.3,104.8,-2.55,2018
"235","Lehigh","Pat","16-14",-6.23,105.7,111.9,70.8,0.042,-6.82,101.2,108,-2.17,2018
"236","Oral Roberts","Sum","11-21",-6.24,106,112.3,65.3,-0.033,2.92,107.2,104.3,8.44,2018
"237","Air Force","MWC","12-19",-6.25,100.5,106.8,66,0.022,1.72,105.7,104,-5.13,2018
"238","Mount St. Mary's","NEC","18-14",-6.36,103.7,110.1,64.7,0.029,-8.63,100.7,109.4,-3.44,2018
"239","North Dakota","BSky","12-20",-6.41,103.1,109.5,71.4,0.015,1.09,106,104.9,6.47,2018
"240","UTEP","CUSA","11-20",-6.49,98,104.5,67.6,-0.039,-1.14,104.3,105.4,-2.56,2018
"241","High Point","BSth","14-16",-6.51,100.1,106.6,65.9,-0.082,-6.42,101.6,108,-1.82,2018
"242","Cal St. Bakersfield","WAC","12-18",-6.65,97.3,103.9,65.3,-0.024,0.64,105.5,104.9,4.67,2018
"243","Texas Southern","SWAC","16-20",-6.65,104.6,111.2,71.7,-0.01,-6.3,101,107.3,17.2,2018
"244","California","P12","8-24",-7.27,98.2,105.4,68.7,0.008,5.14,108.9,103.8,-3.08,2018
"245","UNC Wilmington","CAA","11-21",-7.43,104.3,111.7,72,-0.023,-0.32,106.6,106.9,2.87,2018
"246","Charleston Southern","BSth","15-16",-7.43,99.4,106.8,66.5,-0.019,-6.06,102.3,108.4,-1.08,2018
"247","Delaware","CAA","14-19",-7.57,102,109.6,65.9,0.015,-2.54,105,107.6,-3.38,2018
"248","Elon","CAA","14-18",-7.62,103.6,111.3,67.3,0.061,-0.95,105.3,106.3,2.4,2018
"249","Northern Illinois","MAC","13-19",-7.66,103.3,111,67,0.002,-1.45,104.8,106.2,-3.54,2018
"250","Hampton","MEAC","19-16",-7.68,101,108.7,71.9,-0.017,-11.05,99.5,110.6,1.01,2018
"251","Drexel","CAA","13-20",-7.73,103,110.7,69,0.064,-2.16,105.4,107.5,-2.43,2018
"252","Southern Utah","BSky","13-19",-7.74,102.2,110,71.7,0.062,-0.45,105.8,106.3,4.9,2018
"253","Robert Morris","NEC","16-17",-7.79,94.7,102.5,69.3,0.036,-5.74,102.7,108.5,0.95,2018
"254","NJIT","ASun","14-16",-7.95,98.6,106.6,66.9,-0.024,-7.24,103.3,110.6,-2.51,2018
"255","Akron","MAC","14-18",-8.08,101.8,109.9,67.8,0.068,-2.06,104.5,106.5,-5.3,2018
"256","Southeast Missouri St.","OVC","14-17",-8.11,108.5,116.6,69.2,0.021,-4.53,101.7,106.2,-2.47,2018
"257","Eastern Illinois","OVC","12-19",-8.14,99,107.1,65.5,0.009,-2.42,103.3,105.8,2.01,2018
"258","Boston University","Pat","15-16",-8.21,100.2,108.4,67.5,0.057,-5.49,102.2,107.7,-2.35,2018
"259","LIU Brooklyn","NEC","18-17",-8.27,102.3,110.6,71.6,0.012,-8.68,100.2,108.9,-6.06,2018
"260","UT Rio Grande Valley","WAC","15-18",-8.47,99.3,107.8,73.7,0.064,-2.78,102,104.7,-2.47,2018
"261","Gardner Webb","BSth","14-18",-8.52,97.6,106.1,67.7,0.021,-2.87,103.1,106,6.54,2018
"262","Abilene Christian","Slnd","16-16",-8.66,98.2,106.8,68.6,0.014,-6.52,101.3,107.8,-3.16,2018
"263","Green Bay","Horz","13-20",-8.67,99.9,108.6,72.2,-0.028,-4.11,102.6,106.7,0.25,2018
"264","Army","Pat","13-17",-8.69,99.8,108.5,70.4,-0.045,-7.17,101.9,109.1,-4.75,2018
"265","Cornell","Ivy","12-16",-8.9,104.7,113.6,69.2,0.057,-3.19,103.5,106.6,-1.84,2018
"266","New Orleans","Slnd","16-17",-8.95,98.5,107.4,66.1,0.047,-4.84,101.6,106.5,11.06,2018
"267","Brown","Ivy","11-16",-9.16,100.8,110,71.7,0.004,-5.54,102.4,108,-7.07,2018
"268","UC Riverside","BW","9-22",-9.17,94.5,103.7,68.3,-0.067,-1.31,103.8,105.1,1.76,2018
"269","Prairie View A&M","SWAC","16-18",-9.2,101.4,110.6,70.8,0.01,-7.94,100,107.9,10.43,2018
"270","Montana St.","BSky","13-19",-9.27,102.1,111.3,69.7,0.026,-2.85,104.5,107.4,-1.88,2018
"271","Pepperdine","WCC","6-26",-9.51,105,114.5,67.5,-0.056,1.09,106.3,105.2,-0.68,2018
"272","Portland","WCC","10-22",-9.66,99,108.7,67.1,-0.001,1.2,106.5,105.3,0.61,2018
"273","Morehead St.","OVC","8-21",-9.96,99,109,68.5,-0.069,-0.74,104.7,105.5,7.6,2018
"274","Fairleigh Dickinson","NEC","13-18",-10.16,102.2,112.4,70.5,0.025,-5.59,102.1,107.7,5.93,2018
"275","Lafayette","Pat","10-21",-10.17,101.8,112,68.3,-0.097,-6.55,101.5,108.1,-2.8,2018
"276","UMKC","WAC","10-22",-10.32,98.2,108.5,69.3,-0.009,-0.19,104.8,105,1.93,2018
"277","Santa Clara","WCC","11-20",-10.34,99.2,109.5,64.6,0.018,-1.33,105.2,106.6,-6.82,2018
"278","New Hampshire","AE","10-21",-10.35,98.2,108.5,65.4,-0.069,-4.86,102.4,107.2,-4.07,2018
"279","South Florida","Amer","10-22",-10.45,98.8,109.3,64.6,-0.013,-1.73,103.6,105.3,-11.64,2018
"280","Quinnipiac","MAAC","12-21",-10.46,101.7,112.2,66.5,0.079,-4.19,103.1,107.3,-3.84,2018
"281","Arkansas St.","SB","11-21",-10.56,104.5,115.1,69.5,0.017,-2.27,102.9,105.1,-2.75,2018
"282","North Florida","ASun","14-19",-10.65,107.7,118.4,73.6,0.074,-0.86,104.7,105.6,9.82,2018
"283","Nebraska Omaha","Sum","9-22",-10.67,104.1,114.7,69.8,0.012,1.8,106.9,105.1,4.31,2018
"284","IUPUI","Horz","11-19",-10.72,98.3,109,66.1,0.03,-3.2,103.2,106.4,2.32,2018
"285","Sacramento St.","BSky","7-25",-10.77,99.8,110.6,65.6,-0.067,0.05,105.5,105.5,3.32,2018
"286","Eastern Kentucky","OVC","11-20",-10.96,101.7,112.6,68.6,0.017,-2.5,103.2,105.7,1.19,2018
"287","UMass Lowell","AE","12-18",-11,103.6,114.6,71.6,0.002,-6.84,100.8,107.6,-9.71,2018
"288","Bethune Cookman","MEAC","18-14",-11.05,99.5,110.6,76,0.025,-13.38,97.2,110.6,-5.09,2018
"289","Rice","CUSA","7-24",-11.09,99,110.1,67.5,-0.041,0.21,104.2,104,1.04,2018
"290","Holy Cross","Pat","12-19",-11.36,97.5,108.9,62.9,0.026,-6.02,101.8,107.8,-3.43,2018
"291","McNeese St.","Slnd","12-17",-11.47,100.6,112.1,70.4,-0.025,-5.05,101.5,106.5,7.74,2018
"292","Fordham","A10","9-22",-11.63,94.5,106.1,66,0.009,-0.38,104.5,104.9,-5.39,2018
"293","Western Illinois","Sum","12-16",-11.65,96.1,107.7,68.1,0.006,-2.21,104.8,107.1,-6.56,2018
"294","Tennessee Martin","OVC","10-21",-11.66,95.5,107.2,66.1,-0.019,-4.41,103.2,107.6,-2.8,2018
"295","Grambling St.","SWAC","17-14",-11.71,94.3,106,72.2,0.102,-9.87,98.8,108.7,3.07,2018
"296","Little Rock","SB","7-25",-11.91,93.8,105.7,65,-0.058,-1.35,104.1,105.4,-0.37,2018
"297","Binghamton","AE","11-20",-11.93,97.4,109.4,66.1,-0.061,-6.88,101,107.9,-8.65,2018
"298","Samford","SC","10-22",-12,107.7,119.7,71.2,-0.036,-2.09,103.5,105.6,3.84,2018
"299","Dartmouth","Ivy","7-20",-12.09,98.5,110.6,66.8,-0.043,-3.61,103.5,107.1,-2.86,2018
"300","Cleveland St.","Horz","12-23",-12.14,97.9,110,67.1,0.032,-3.64,102.8,106.5,-1.36,2018
"301","San Jose St.","MWC","4-26",-12.27,95.4,107.7,67.1,-0.03,3.05,107.2,104.2,-0.88,2018
"302","Western Carolina","SC","13-19",-12.3,95.7,108,69.4,0.102,-0.66,105.1,105.8,5.22,2018
"303","Siena","MAAC","8-24",-12.38,96.5,108.9,65.7,-0.015,-3.01,104,107,0.49,2018
"304","Chattanooga","SC","10-23",-12.53,99.2,111.8,65.5,-0.024,-3.39,103.4,106.8,-2.1,2018
"305","Sacred Heart","NEC","10-21",-12.57,96,108.6,68.4,-0.076,-8.04,100.9,109,-3.94,2018
"306","North Carolina A&T","MEAC","20-15",-12.68,98.1,110.8,69.3,0.098,-11.8,98.7,110.5,-1.27,2018
"307","East Carolina","Amer","10-20",-12.78,96.7,109.5,68.7,0.026,-2.46,102.9,105.3,-16.35,2018
"308","Charlotte","CUSA","6-23",-12.81,99.3,112.1,71.2,-0.024,0.17,104.6,104.4,-3.21,2018
"309","Kennesaw St.","ASun","10-20",-12.82,98.9,111.8,68.5,-0.023,-4.51,103.7,108.2,2.54,2018
"310","Central Connecticut","NEC","14-18",-12.85,98,110.8,64.5,0.066,-7.33,100.9,108.2,-3.69,2018
"311","Texas A&M Corpus Chris","Slnd","11-18",-12.88,94.5,107.4,68.2,-0.015,-6.14,100.9,107.1,4.54,2018
"312","Norfolk St.","MEAC","14-19",-13.14,95.4,108.6,69,0.002,-11,98.9,109.9,0.76,2018
"313","St. Francis NY","NEC","13-18",-13.17,98.7,111.8,69.2,0.022,-7.33,101.1,108.4,-2.35,2018
"314","Stetson","ASun","12-20",-13.27,98.5,111.8,69.8,-0.041,-6.49,102.1,108.6,-4.23,2018
"315","The Citadel","SC","11-21",-13.33,101.6,114.9,77.2,0.062,-2.58,103.5,106.1,0.98,2018
"316","North Carolina Central","MEAC","19-16",-13.41,96.6,110,65,0.019,-12.78,98.4,111.2,-1.47,2018
"317","Savannah St.","MEAC","15-17",-13.55,100.9,114.5,82.3,0.108,-6.81,101.2,108,15.2,2018
"318","SIU Edwardsville","OVC","9-21",-13.61,99.4,113,69.2,0.069,-2.94,103.4,106.4,-1.32,2018
"319","Detroit","Horz","8-24",-14.2,102.6,116.8,72.4,-0.011,-2.07,103.6,105.7,4.64,2018
"320","Jacksonville","ASun","15-18",-14.27,94.2,108.4,68.6,0.06,-6.82,102.3,109.1,-3.11,2018
"321","Marist","MAAC","6-25",-14.47,98.5,112.9,69.6,-0.048,-4.24,103.4,107.6,-3.4,2018
"322","Youngstown St.","Horz","8-24",-14.56,101.4,115.9,71.1,-0.01,-1.7,103.2,104.9,5.26,2018
"323","Loyola MD","Pat","9-22",-14.58,96.2,110.8,68.4,0.02,-5.37,102.6,108,-1.61,2018
"324","Morgan St.","MEAC","13-19",-14.82,96.3,111.1,68.9,-0.06,-11.95,98.6,110.5,0.36,2018
"325","Cal Poly","BW","9-22",-14.98,98.2,113.2,66.2,0.051,-1.41,103.8,105.2,0.51,2018
"326","Southern","SWAC","15-18",-15.51,94.3,109.8,68,0.051,-11.24,98.1,109.3,6.62,2018
"327","Northern Arizona","BSky","5-27",-16.02,93.5,109.5,68.6,-0.03,0.26,105.3,105,3.45,2018
"328","American","Pat","6-24",-16.14,95.6,111.8,66.5,-0.061,-6.16,102.1,108.3,-3.16,2018
"329","Arkansas Pine Bluff","SWAC","14-21",-16.45,93.6,110,67.5,0.044,-9.64,98.9,108.5,3.38,2018
"330","Cal St. Northridge","BW","6-24",-16.46,96.7,113.2,65.8,-0.047,-3.23,102.8,106,-3.5,2018
"331","VMI","SC","9-21",-17.43,89.9,107.4,68.8,0.024,-3.79,104.1,107.9,-2.5,2018
"332","Maine","AE","6-26",-17.46,90.9,108.4,71.3,-0.002,-2.82,103.5,106.3,-1.56,2018
"333","Houston Baptist","Slnd","6-25",-17.64,98.9,116.5,73.5,-0.092,-3.59,102.5,106.1,9.29,2018
"334","Presbyterian","BSth","11-21",-17.66,97.8,115.5,63.4,0.062,-5.21,101.7,106.9,-3.37,2018
"335","Howard","MEAC","10-23",-19.04,99.4,118.5,69.9,-0.039,-9.5,99.6,109.1,2.28,2018
"336","Alcorn St.","SWAC","11-21",-19.43,95,114.4,68,-0.055,-9.05,99.6,108.7,9.81,2018
"337","Jackson St.","SWAC","12-20",-19.6,89.4,109,64.1,0.062,-10.01,99.7,109.7,4.32,2018
"338","USC Upstate","ASun","7-25",-19.77,105.2,125,69,-0.051,-3.44,103,106.4,1.76,2018
"339","Alabama St.","SWAC","8-23",-19.86,95.8,115.7,68.8,-0.018,-9.14,99.2,108.4,4.68,2018
"340","Longwood","BSth","7-26",-20.41,89.6,110,69.1,-0.039,-3.96,102.8,106.7,-0.88,2018
"341","Florida A&M","MEAC","9-25",-21.21,95.6,116.8,67.1,0.04,-7.55,101,108.6,6.38,2018
"342","Incarnate Word","Slnd","7-21",-21.6,93.5,115.1,69.7,-0.006,-5.52,101.2,106.7,8.16,2018
"343","South Carolina St.","MEAC","10-22",-21.86,96.9,118.7,70.5,0.03,-8.97,100.1,109.1,4.47,2018
"344","Bryant","NEC","3-28",-22.06,98.7,120.7,70.1,-0.013,-5.3,101.9,107.2,1.28,2018
"345","Northwestern St.","Slnd","4-25",-22.41,88.3,110.7,68.9,-0.08,-3.59,102.6,106.2,7.92,2018
"346","Chicago St.","WAC","3-29",-22.59,96.5,119.1,72.1,-0.063,2.85,106.1,103.3,6.32,2018
"347","Coppin St.","MEAC","5-27",-23.97,86.5,110.5,67.1,-0.026,-7.19,100.8,108,5.62,2018
"348","Mississippi Valley St.","SWAC","4-28",-24.21,90.3,114.5,69.4,-0.032,-7.46,100.3,107.8,7.23,2018
"349","Maryland Eastern Shore","MEAC","7-25",-27.06,90.8,117.8,65.9,-0.018,-7.58,101,108.5,7.48,2018
"350","Delaware St.","MEAC","4-28",-27.94,90.3,118.3,64.9,-0.094,-9.2,99.6,108.8,1.72,2018
"351","Alabama A&M","SWAC","3-28",-28.31,86.6,114.9,65.8,-0.04,-8.1,100.2,108.3,4.85,2018
